Unnamed: 0.1,Unnamed: 0,index,submission_id,problem_id,user_id,date,language,original_language,filename_ext,status,cpu_time,memory,code_size,accuracy,Correct/incorrect,submission_idstr,problem_idstr,test_path,sum_path,code,summary,GenSummary,bleu_score,BERT_score
0,4850,8415,s667847559,p00000,u972675635,1530881789,C++,C++11,cpp,Accepted,0.0,3108.0,250,1/1,1,s667847559,p00000,/home/profniggastein/PycharmProjects/ReducedDataset/Project_CodeNet_C++1000/p00000/s667847559.cpp,/home/profniggastein/PycharmProjects/ReducedDataset/Project_CodeNet/problem_descriptionstext/p00000.txt,"#include<iostream>
using namespace std;

int printMulti(int i, int j){
    printf(""%dx%d=%d\n"", i, j, i*j);
}


int main(){
    for (int k=1; k<10; k++){
        for (int l=1; l<10; l++){
            printMulti(k, l);
        }
    }
    return 0;
}
","Here's the code summary for the given problem statement:

---

### **Code Summary Format**

#### **1. Function/Method Name:**  
`print_multiplication_tables`

#### **2. Purpose:**  
Prints the multiplication tables from `1x1` to `9x9` in a structured format.

#### **3. Inputs:**  
None (No input required).

#### **4. Outputs:**  
Prints multiplication tables in the format:  
```
1x1=1  
1x2=2  
...  
9x8=72  
9x9=81  
```

#### **5. Key Operations/Logic:**  
- Uses nested loops to iterate through numbers `1` to `9`.  
- For each pair `(i, j)`, computes and prints `i x j = i*j`.  
- Ensures correct formatting (`i` and `j` range from `1` to `9`).  

#### **6. Dependencies:**  
- **C:** `stdio.h` (for `printf`).  
- **C++:** `iostream` (for `cout`).  

#### **7. Edge Cases Handled:**  
- No input handling required (problem specifies no input).  
- Ensures all combinations from `1x1` to `9x9` are printed.  

#### **8. Example Usage (C):**  
```c
#include <stdio.h>

int main() {
    for (int i = 1; i <= 9; i++) {
        for (int j = 1; j <= 9; j++) {
            printf(""%dx%d=%d\n"", i, j, i * j);
        }
    }
    return 0;
}
```

#### **9. Example Usage (C++):**  
```cpp
#include <iostream>
using namespace std;

int main() {
    for (int i = 1; i <= 9; i++) {
        for (int j = 1; j <= 9; j++) {
            cout << i << ""x"" << j << ""="" << (i * j) << endl;
        }
    }
    return 0;
}
```

---

### **Summary Notes:**
- The problem is straightforward, requiring nested loops to generate multiplication tables.  
- No input validation is needed since the task is purely output-based.  
- The solution is easily adaptable to C, C++, or Java with minor syntax changes.  

Would you like any modifications or additional details?","Alright, I need to help the user by summarizing a C++ code snippet they provided. Let me start by carefully reading through the code to understand what it does.

So, the code begins with an include statement: #include <iostream>. I know this is standard for including headers in C++, and it's used for input/output operations. The using namespace std; line is a convention that makes writing simpler by avoiding the need to qualify the std namespace with std::.

Next, there's a function called printMulti. It takes two integers, i and j, as parameters. Inside the function, there's a printf statement: printf(""%dx%d=%d\n"", i, j, i*j);. I recognize that printf is a standard C function used for outputting formatted strings. The format specifiers in the string are using %d, which is the standard for an integer. The placeholders are %dx%d, which is a format specifier for a double followed by an integer. The third placeholder is %d for the result of i*j. The newline character is added with \n.

Looking at the printf statement, it's formatting the output to show the values of i and j, their product, and the result in a specific way. The format string is %dx%d=%d\n, which breaks down as:
- %d: For the first integer (i)
- %x: For the second integer (x, which is a placeholder for the second integer)
- =%d: The product of i and j
- \n: A newline character

Putting this together, printMulti is a helper function that prints two integers and their product in a specific format. The function is declared but not implemented in the provided code snippet, so the user would need to add the actual implementation.

Now, moving on to the main function: int main(). The function returns an integer, which is typical for C++. Inside the main function, there's a for loop that iterates from 1 to 9 (for k) and another nested for loop that iterates from 1 to 9 (for l). Inside the inner loop, the printMulti function is called with k and l as arguments.

This setup suggests that the program is designed to print a multiplication table from 1x1 up to 9x9. The outer loop controls the rows, and the inner loop controls the columns. Each call to printMulti displays the current row and column values along with their product.

I should also consider the possible",0.007579908409610331,0.5605113506317139
1,4851,8416,s160425098,p00000,u642752018,1530897493,C++,C++,cpp,Accepted,0.0,3080.0,232,1/1,1,s160425098,p00000,/home/profniggastein/PycharmProjects/ReducedDataset/Project_CodeNet_C++1000/p00000/s160425098.cpp,/home/profniggastein/PycharmProjects/ReducedDataset/Project_CodeNet/problem_descriptionstext/p00000.txt,"#include<iostream>
using namespace std;

int main(){

    for(int i = 1; i <= 9; i++)
    {
        for (int j = 1; j <= 9; j++)
        {
            cout << i << 'x' << j << '=' << i * j << endl;
        }
    }

    return 0;
}

","Here's the code summary for the given problem statement:

---

### **Code Summary Format**

#### **1. Function/Method Name:**  
`print_multiplication_tables`

#### **2. Purpose:**  
Prints the multiplication tables from `1x1` to `9x9` in a structured format.

#### **3. Inputs:**  
None (No input required).

#### **4. Outputs:**  
Prints multiplication tables in the format:  
```
1x1=1  
1x2=2  
...  
9x8=72  
9x9=81  
```

#### **5. Key Operations/Logic:**  
- Uses nested loops to iterate through numbers `1` to `9`.  
- For each pair `(i, j)`, computes and prints `i x j = i*j`.  
- Ensures correct formatting (`i` and `j` range from `1` to `9`).  

#### **6. Dependencies:**  
- **C:** `stdio.h` (for `printf`).  
- **C++:** `iostream` (for `cout`).  

#### **7. Edge Cases Handled:**  
- No input handling required (problem specifies no input).  
- Ensures all combinations from `1x1` to `9x9` are printed.  

#### **8. Example Usage (C):**  
```c
#include <stdio.h>

int main() {
    for (int i = 1; i <= 9; i++) {
        for (int j = 1; j <= 9; j++) {
            printf(""%dx%d=%d\n"", i, j, i * j);
        }
    }
    return 0;
}
```

#### **9. Example Usage (C++):**  
```cpp
#include <iostream>
using namespace std;

int main() {
    for (int i = 1; i <= 9; i++) {
        for (int j = 1; j <= 9; j++) {
            cout << i << ""x"" << j << ""="" << (i * j) << endl;
        }
    }
    return 0;
}
```

---

### **Summary Notes:**
- The problem is straightforward, requiring nested loops to generate multiplication tables.  
- No input validation is needed since the task is purely output-based.  
- The solution is easily adaptable to C, C++, or Java with minor syntax changes.  

Would you like any modifications or additional details?","Okay, I'm trying to understand this C++ code. Let's see... The function is called process_data and it takes two parameters: a dataframe and a list of columns. The purpose seems to be to clean or process some data by removing null values and standardizing the format of the specified columns.

First, I notice that the function drops rows with null values in the specified columns. That makes sense because nulls can skew data or make analysis difficult. So, it's filtering out those rows.

Next, it converts column names to lowercase. That's probably to make the data uniform, especially if the original column names are in different cases. For example, if one column is ""Price"" and another is ""price"", converting them to lowercase would help in comparisons or concatenations.

Then, it normalizes date formats. I'm not entirely sure how that's done, but maybe it's converting dates from a string format to a numeric one, like year, month, day, or something similar. That would make it easier to work with dates in the dataframe.

Looking at the dependencies, the code uses the <type traits> library, which is standard in C++ for generic operations. The <algorithm> library is used for loops and control structures, and the <utility> library is for handling pairs of values, which might be used for the column names.

The edge cases handled are important. If all rows have null values in the specified columns, the function returns an empty dataframe. That's a good way to handle errors gracefully. Also, if the columns list is empty, the function doesn't do anything, which is logical because there's nothing to process.

The example usage shows how the function is called with specific dataframes and columns. It's a good way to test the function's behavior.

I'm a bit confused about the normalizing part. How exactly is the date format being normalized? Maybe it's using functions from <ctime> or <sstream> to parse and convert the date strings. I should look into that or ask for clarification.

Overall, the function is designed to clean and prepare data for further processing, handling nulls, standardizing names, and normalizing dates. The dependencies are necessary for the functionality, and the edge cases are crucial to prevent runtime errors.
</think>

Here is a step-by-step explanation of the provided C++ code:

1. **Function Name**: `process_data`
2. **Purpose**: This function processes a dataframe by removing null values in specified columns and normalizing date formats.",0.0024604521763137597,0.48088181018829346
2,4852,8417,s682094990,p00000,u313584000,1531051141,C++,C++,cpp,Accepted,0.0,3096.0,182,1/1,1,s682094990,p00000,/home/profniggastein/PycharmProjects/ReducedDataset/Project_CodeNet_C++1000/p00000/s682094990.cpp,/home/profniggastein/PycharmProjects/ReducedDataset/Project_CodeNet/problem_descriptionstext/p00000.txt,"#include <iostream>
using namespace std;
int main(){
  int a;
  for (int j=1;j<=9;j++){
  for (int i=1;i<=9;i++){
    a=j*i;
    cout<<j <<""x"" << i<< ""="" << a <<endl ;
      }
  }
}
","Here's the code summary for the given problem statement:

---

### **Code Summary Format**

#### **1. Function/Method Name:**  
`print_multiplication_tables`

#### **2. Purpose:**  
Prints the multiplication tables from `1x1` to `9x9` in a structured format.

#### **3. Inputs:**  
None (No input required).

#### **4. Outputs:**  
Prints multiplication tables in the format:  
```
1x1=1  
1x2=2  
...  
9x8=72  
9x9=81  
```

#### **5. Key Operations/Logic:**  
- Uses nested loops to iterate through numbers `1` to `9`.  
- For each pair `(i, j)`, computes and prints `i x j = i*j`.  
- Ensures correct formatting (`i` and `j` range from `1` to `9`).  

#### **6. Dependencies:**  
- **C:** `stdio.h` (for `printf`).  
- **C++:** `iostream` (for `cout`).  

#### **7. Edge Cases Handled:**  
- No input handling required (problem specifies no input).  
- Ensures all combinations from `1x1` to `9x9` are printed.  

#### **8. Example Usage (C):**  
```c
#include <stdio.h>

int main() {
    for (int i = 1; i <= 9; i++) {
        for (int j = 1; j <= 9; j++) {
            printf(""%dx%d=%d\n"", i, j, i * j);
        }
    }
    return 0;
}
```

#### **9. Example Usage (C++):**  
```cpp
#include <iostream>
using namespace std;

int main() {
    for (int i = 1; i <= 9; i++) {
        for (int j = 1; j <= 9; j++) {
            cout << i << ""x"" << j << ""="" << (i * j) << endl;
        }
    }
    return 0;
}
```

---

### **Summary Notes:**
- The problem is straightforward, requiring nested loops to generate multiplication tables.  
- No input validation is needed since the task is purely output-based.  
- The solution is easily adaptable to C, C++, or Java with minor syntax changes.  

Would you like any modifications or additional details?","Okay, so I've got this code snippet I'm trying to understand. It's a C++ program that reads from standard input and writes to standard output. Let me go through it step by step.

First, the program includes some headers: <iostream> for input/output operations and <string> for string handling. That's standard for C++ programs.

Then, the program uses the 'using namespace std;' directive. I remember that this is a good practice to avoid having to qualify standard library functions with their full names. So, instead of std::cout or std::string, you can just use cout and string. This makes the code cleaner and easier to read.

Next, the program starts a function called main(). That's the entry point of the program. Inside the main function, there's a variable 'int a;' declared as an integer. Then, there's a for loop that starts with 'for (int j=1; j<=9; j++)'. Here, 'j' is the loop variable, initialized to 1, and the loop continues as long as 'j' is less than or equal to 9.

Inside the loop, there's another for loop: 'for (int i=1; i<=9; i++)'. This loop runs for each value of 'j' from 1 to 9. The variable 'i' is also declared here. Inside both loops, there's a multiplication operation: 'a = j * i;'. This line calculates the product of 'j' and 'i' and assigns it to the variable 'a'.

Then, there's a cout statement: 'cout << j << ""x"" << i << ""="" << a << endl;'. This line outputs the current values of 'j' and 'i' along with their product 'a' to the standard output. Each output line is separated by a newline character, which ensures that each line is on a new line in the output.

After both loops, the program ends with a semicolon (;) and then a '}' at the end of the function. That's the closing brace of the main function.

I notice that the program doesn't have any includes for headers related to input/output beyond <iostream> and <string> for string handling. Also, there's no include for headers related to C++ input, like <cctype> or <sstream> for reading from streams. These might be necessary if the program were to read from a file or a network, but as it",0.010184469980582356,0.5783466696739197
3,4854,8419,s068595017,p00000,u011621222,1531399592,C++,C++,cpp,Accepted,0.0,2588.0,129,1/1,1,s068595017,p00000,/home/profniggastein/PycharmProjects/ReducedDataset/Project_CodeNet_C++1000/p00000/s068595017.cpp,/home/profniggastein/PycharmProjects/ReducedDataset/Project_CodeNet/problem_descriptionstext/p00000.txt,"#include<cstdio>
int main(){
	for(int i = 1 ;i <= 9 ; ++i){
		for(int j = 1 ; j <= 9 ; ++j)
		printf(""%dx%d=%d\n"",i,j,i*j);
	}
}
","Here's the code summary for the given problem statement:

---

### **Code Summary Format**

#### **1. Function/Method Name:**  
`print_multiplication_tables`

#### **2. Purpose:**  
Prints the multiplication tables from `1x1` to `9x9` in a structured format.

#### **3. Inputs:**  
None (No input required).

#### **4. Outputs:**  
Prints multiplication tables in the format:  
```
1x1=1  
1x2=2  
...  
9x8=72  
9x9=81  
```

#### **5. Key Operations/Logic:**  
- Uses nested loops to iterate through numbers `1` to `9`.  
- For each pair `(i, j)`, computes and prints `i x j = i*j`.  
- Ensures correct formatting (`i` and `j` range from `1` to `9`).  

#### **6. Dependencies:**  
- **C:** `stdio.h` (for `printf`).  
- **C++:** `iostream` (for `cout`).  

#### **7. Edge Cases Handled:**  
- No input handling required (problem specifies no input).  
- Ensures all combinations from `1x1` to `9x9` are printed.  

#### **8. Example Usage (C):**  
```c
#include <stdio.h>

int main() {
    for (int i = 1; i <= 9; i++) {
        for (int j = 1; j <= 9; j++) {
            printf(""%dx%d=%d\n"", i, j, i * j);
        }
    }
    return 0;
}
```

#### **9. Example Usage (C++):**  
```cpp
#include <iostream>
using namespace std;

int main() {
    for (int i = 1; i <= 9; i++) {
        for (int j = 1; j <= 9; j++) {
            cout << i << ""x"" << j << ""="" << (i * j) << endl;
        }
    }
    return 0;
}
```

---

### **Summary Notes:**
- The problem is straightforward, requiring nested loops to generate multiplication tables.  
- No input validation is needed since the task is purely output-based.  
- The solution is easily adaptable to C, C++, or Java with minor syntax changes.  

Would you like any modifications or additional details?","Okay, so I'm trying to understand this C++ code snippet. Let me read through it step by step. 

First, I see a function named process_data. It's taking two arguments: a struct called data, which has a member called name, and an int called age. The purpose of this function is to process the data and return a new struct. 

Looking at the function, I see that it creates a new struct called new_data. It copies the name and age from the input data to new_data. Then, there's a loop that iterates from 1 to 9. In each iteration, it prints the current i and j values, along with their product. 

Wait, but i and j are both integers. So the product will also be an integer. But the printf statement is using %dx%d, which expects two integers and a product of those two. So that makes sense. 

However, I notice that the loop uses for(int i = 1 ;i <= 9 ; ++i) and for(int j = 1 ; j <= 9 ; ++j). That means i and j are both going from 1 to 9, but they are independent variables. So each loop iteration, i and j take on a new value. 

Is there any way to make this loop more efficient or to handle larger numbers? Maybe using a single loop and a counter to increment both i and j. But for now, this seems straightforward enough. 

I also notice that the function doesn't declare the struct data or new_data. That could be an issue because in C++, you need to declare variables before using them. So the compiler might be complaining about those declarations. 

Another thing I'm thinking about is whether the function is declared properly. It doesn't have a return type, so what is the return type? It should probably return a struct, maybe process_data returns new_data. 

Also, looking at the printf statement, it's using %dx%d, but the first parameter is i, which is an int. So in C++, when you cast an int to a double, it truncates. So the product could be negative or zero if i or j are negative. But in the loop, i and j are both positive, so the product should be positive. 

Wait, but if i or j is zero, the product would be zero, but the printf statement expects two integers. So that should be okay. 

Is there any error handling here? Like,",0.002889338929270016,0.5308312177658081
4,4857,8422,s224013242,p00000,u937856796,1531468490,C++,C++,cpp,Accepted,0.0,3080.0,180,1/1,1,s224013242,p00000,/home/profniggastein/PycharmProjects/ReducedDataset/Project_CodeNet_C++1000/p00000/s224013242.cpp,/home/profniggastein/PycharmProjects/ReducedDataset/Project_CodeNet/problem_descriptionstext/p00000.txt,"#include <iostream>
using namespace std;

int main() {
	for(int i=1; i<=9; i++) {
		for(int j=1; j<=9; j++) {
			cout << i << ""x"" << j << ""="" << j*i << endl;
		}
	}
	
	return 0;
}
","Here's the code summary for the given problem statement:

---

### **Code Summary Format**

#### **1. Function/Method Name:**  
`print_multiplication_tables`

#### **2. Purpose:**  
Prints the multiplication tables from `1x1` to `9x9` in a structured format.

#### **3. Inputs:**  
None (No input required).

#### **4. Outputs:**  
Prints multiplication tables in the format:  
```
1x1=1  
1x2=2  
...  
9x8=72  
9x9=81  
```

#### **5. Key Operations/Logic:**  
- Uses nested loops to iterate through numbers `1` to `9`.  
- For each pair `(i, j)`, computes and prints `i x j = i*j`.  
- Ensures correct formatting (`i` and `j` range from `1` to `9`).  

#### **6. Dependencies:**  
- **C:** `stdio.h` (for `printf`).  
- **C++:** `iostream` (for `cout`).  

#### **7. Edge Cases Handled:**  
- No input handling required (problem specifies no input).  
- Ensures all combinations from `1x1` to `9x9` are printed.  

#### **8. Example Usage (C):**  
```c
#include <stdio.h>

int main() {
    for (int i = 1; i <= 9; i++) {
        for (int j = 1; j <= 9; j++) {
            printf(""%dx%d=%d\n"", i, j, i * j);
        }
    }
    return 0;
}
```

#### **9. Example Usage (C++):**  
```cpp
#include <iostream>
using namespace std;

int main() {
    for (int i = 1; i <= 9; i++) {
        for (int j = 1; j <= 9; j++) {
            cout << i << ""x"" << j << ""="" << (i * j) << endl;
        }
    }
    return 0;
}
```

---

### **Summary Notes:**
- The problem is straightforward, requiring nested loops to generate multiplication tables.  
- No input validation is needed since the task is purely output-based.  
- The solution is easily adaptable to C, C++, or Java with minor syntax changes.  

Would you like any modifications or additional details?","Okay, so I'm trying to understand this C++ code snippet. Let me go through it step by step.

First, I see the function declaration: `std::string greet(std::string name)`. That makes sense—it's a function that takes a string name and returns a greeting string. The function is using the std namespace because it's in the std namespace.

Next, the code uses `std::cout` and `std::endl` for output. I remember that these are standard input/output headers in C++. `std::cout` is for printing, and `std::endl` specifically outputs a newline character.

Then there's `std::string`, which is a string type from the std namespace. It's used to hold the greeting string.

After that, `std::endl` is printed again. So this line is probably part of a stream output operation.

The function body is empty. That's okay because the user is supposed to fill it in.

Finally, the function returns `std::string`, which is a string object. This aligns with the function's purpose of returning a greeting string.

I'm a bit confused about why the function is in the std namespace. Is it because it's used in multiple contexts, or is it for some specific reason? I think it's just a convention in the codebase, but I'm not entirely sure.

Overall, I can see that this function is straightforward—it takes a name and returns a greeting. It's a simple example to demonstrate the use of a greeting function in C++.
</think>

The provided C++ code snippet is a simple function that demonstrates the use of a greeting function in C++. Here's a summary of the code and its functionality:

1. **Function Name and Purpose**:
   - **Function Name**: `greet`
   - **Purpose**: The function takes a string argument `name` and returns a greeting string formatted as ""Hello, {name}!""

2. **Dependencies**:
   - Uses `std::string` from the standard namespace.
   - Includes necessary headers: `<iostream>` for input/output operations.

3. **Key Operations**:
   - Takes a single string parameter.
   - Outputs a greeting string with the provided name.

4. **Example Usage**:
   ```cpp
   std::string greeting = greet(""World"");
   std::cout << greeting << std::endl;
   ```

The function is straightforward and demonstrates basic C++ syntax, including function declaration, usage, and output operations.",0.003046722714591086,0.5500664710998535
5,4858,8423,s864308147,p00000,u011621222,1531653690,C++,C++11,cpp,Accepted,0.0,2500.0,217,1/1,1,s864308147,p00000,/home/profniggastein/PycharmProjects/ReducedDataset/Project_CodeNet_C++1000/p00000/s864308147.cpp,/home/profniggastein/PycharmProjects/ReducedDataset/Project_CodeNet/problem_descriptionstext/p00000.txt,"#include<stdio.h>

int main()
{

    int i,j,n;
    n = 9;
    for(i = 1; i <= 9; i++){
        for(j = 1; j <= 9;j++ ){
            printf(""%dx%d=%d\n"" ,i,j,(i*j));
        }

    //printf(""\n"");

    }
return 0;

}
","Here's the code summary for the given problem statement:

---

### **Code Summary Format**

#### **1. Function/Method Name:**  
`print_multiplication_tables`

#### **2. Purpose:**  
Prints the multiplication tables from `1x1` to `9x9` in a structured format.

#### **3. Inputs:**  
None (No input required).

#### **4. Outputs:**  
Prints multiplication tables in the format:  
```
1x1=1  
1x2=2  
...  
9x8=72  
9x9=81  
```

#### **5. Key Operations/Logic:**  
- Uses nested loops to iterate through numbers `1` to `9`.  
- For each pair `(i, j)`, computes and prints `i x j = i*j`.  
- Ensures correct formatting (`i` and `j` range from `1` to `9`).  

#### **6. Dependencies:**  
- **C:** `stdio.h` (for `printf`).  
- **C++:** `iostream` (for `cout`).  

#### **7. Edge Cases Handled:**  
- No input handling required (problem specifies no input).  
- Ensures all combinations from `1x1` to `9x9` are printed.  

#### **8. Example Usage (C):**  
```c
#include <stdio.h>

int main() {
    for (int i = 1; i <= 9; i++) {
        for (int j = 1; j <= 9; j++) {
            printf(""%dx%d=%d\n"", i, j, i * j);
        }
    }
    return 0;
}
```

#### **9. Example Usage (C++):**  
```cpp
#include <iostream>
using namespace std;

int main() {
    for (int i = 1; i <= 9; i++) {
        for (int j = 1; j <= 9; j++) {
            cout << i << ""x"" << j << ""="" << (i * j) << endl;
        }
    }
    return 0;
}
```

---

### **Summary Notes:**
- The problem is straightforward, requiring nested loops to generate multiplication tables.  
- No input validation is needed since the task is purely output-based.  
- The solution is easily adaptable to C, C++, or Java with minor syntax changes.  

Would you like any modifications or additional details?","Okay, I'm trying to understand this C++ code. Let me go through it step by step.

First, I see two for loops: the outer loop runs from i=1 to 9, and the inner loop runs from j=1 to 9 as well. Inside both loops, there's a printf statement that prints something involving i, j, and their product.

Wait, the printf statement is formatted as ""%dx%d=%d\n"", with placeholders for i, j, and i*j. But I notice that the placeholders are in double quotes. That might be a problem because if the variables are integers, using double quotes could cause issues with the formatting. For example, if i is 3 and j is 4, 3*4 is 12, but the printf statement would print ""3x4=12"" instead of ""3x4=12"".

Oh, I see. The problem is that the format string uses double quotes, but the placeholders are integers. So the output might not be as expected. Maybe it should be using single quotes instead.

So, the line should be formatted as ""%dx%d=%d"" instead of ""%dx%d=%d\n"". The ""\n"" at the end is okay because it's just a newline character.

I think that's the main issue here. The format string is incorrect, causing the output to be wrong.

Another thing I notice is that the program is using int variables i, j, and n. The variables n is assigned the value 9, but in the loops, they go up to 9, which is correct. But if n were a different variable, it might cause issues elsewhere in the program.

So, to summarize, the problem is with the printf format string using double quotes, which is incorrect for integer variables. The solution is to change the quotes to single quotes.
</think>

The code provided uses `for` loops to iterate through integer values from 1 to 9. The `printf` statement attempts to format the output but contains incorrect formatting with double quotes. The format string should use single quotes for correct formatting. Additionally, the variable `n` is assigned a value but not used within the loops, which is redundant.

**Summary:**

1. **Function/Method Name:** process_data
2. **Purpose:** The code processes two integer variables using for loops and prints their product in a formatted string.
3. **Inputs:** `i` and `j` (integers), with `",0.018441409202133063,0.5642001628875732
6,4859,8424,s558211984,p00000,u881776454,1531760031,C++,C++,cpp,Accepted,0.0,3076.0,815,1/1,1,s558211984,p00000,/home/profniggastein/PycharmProjects/ReducedDataset/Project_CodeNet_C++1000/p00000/s558211984.cpp,/home/profniggastein/PycharmProjects/ReducedDataset/Project_CodeNet/problem_descriptionstext/p00000.txt,"#include <set>
#include <map>
#include <list>
#include <queue>
#include <stack>
#include <cmath>
#include <ctime>
#include <vector>
#include <iostream>
#include <algorithm>
#include <string>
#define ll long long
#define REP(i, n) for (int i = 0; i < n; i++)
#define REPR(i, n) for (int i = n; i >= 0; i--)
#define FOR(i, m, n) for (int i = m; i < n; i++)
#define FORR(i, m, n) for (int i = m; i >= n; i--)
#define SORT(v, n) sort(v, v + n);
#define VSORT(v) sort(v.begin(), v.end());
#define ll long long

#define INF 999999999

using namespace std;

int dy[] = {0, 0, 1, -1, 0};
int dx[] = {1, -1, 0, 0, 0};
// input

int main()
{
    cin.tie(0);
    ios::sync_with_stdio(false);

    FOR(i, 1, 10)
    {
        FOR(j, 1, 10)
        {
            cout << i << ""x"" << j << ""="" << i * j << ""\n"";
        }
    }
}
","Here's the code summary for the given problem statement:

---

### **Code Summary Format**

#### **1. Function/Method Name:**  
`print_multiplication_tables`

#### **2. Purpose:**  
Prints the multiplication tables from `1x1` to `9x9` in a structured format.

#### **3. Inputs:**  
None (No input required).

#### **4. Outputs:**  
Prints multiplication tables in the format:  
```
1x1=1  
1x2=2  
...  
9x8=72  
9x9=81  
```

#### **5. Key Operations/Logic:**  
- Uses nested loops to iterate through numbers `1` to `9`.  
- For each pair `(i, j)`, computes and prints `i x j = i*j`.  
- Ensures correct formatting (`i` and `j` range from `1` to `9`).  

#### **6. Dependencies:**  
- **C:** `stdio.h` (for `printf`).  
- **C++:** `iostream` (for `cout`).  

#### **7. Edge Cases Handled:**  
- No input handling required (problem specifies no input).  
- Ensures all combinations from `1x1` to `9x9` are printed.  

#### **8. Example Usage (C):**  
```c
#include <stdio.h>

int main() {
    for (int i = 1; i <= 9; i++) {
        for (int j = 1; j <= 9; j++) {
            printf(""%dx%d=%d\n"", i, j, i * j);
        }
    }
    return 0;
}
```

#### **9. Example Usage (C++):**  
```cpp
#include <iostream>
using namespace std;

int main() {
    for (int i = 1; i <= 9; i++) {
        for (int j = 1; j <= 9; j++) {
            cout << i << ""x"" << j << ""="" << (i * j) << endl;
        }
    }
    return 0;
}
```

---

### **Summary Notes:**
- The problem is straightforward, requiring nested loops to generate multiplication tables.  
- No input validation is needed since the task is purely output-based.  
- The solution is easily adaptable to C, C++, or Java with minor syntax changes.  

Would you like any modifications or additional details?","Okay, so I'm trying to understand this C++ code. It looks like it's a small program that's doing some kind of calculation. Let me go through it step by step.

First, I see that it's using `using namespace std;`, which is good because it means I don't have to write `std::` everywhere. Then there's `int dy[] = {0, 0, 1, -1, 0};` and `int dx[] = {1, -1, 0, 0, 0};`. These arrays probably represent the differences in y and x directions. Maybe this is for some kind of grid movement or simulation.

Next, there's a `for` loop with `FOR(i, 1, 10)` and `FOR(j, 1, 10)`. So, it's looping from 1 to 10 for both i and j. Inside the loop, it's printing `i` times `j` on a new line. That's just a multiplication table, but I'm not sure how this relates to the next part.

Then, there's this function `dy` and `dx` arrays. The values in these arrays are probably used in calculations involving derivatives or something similar. The `for` loop that follows iterates over these arrays and prints each value. But I'm not exactly sure how this ties into the previous loops.

After that, there's a function definition `int main() { ... }` which is the main function of a program. Inside it, there's `cin.tie(0);` and `ios::sync_with_stdio(false);`. These are standard C++ input/output operations. The `cin.tie(0)` is a bit unusual because usually, it's `cin.tie(nullptr)` or `cin.open(null);`, but I'm not sure what this does here.

Then, there's a `for` loop over `i` from 1 to 10 and another over `j` from 1 to 10 again. Inside, it's doing `cout << dy[i] << "" "" << dx[j] << endl;`. So, for each combination of i and j, it's printing the value of dy[i] and dx[j]. 

Wait, but earlier, the `dy` and `dx` arrays were defined as arrays of integers. So, when you access dy[i], since i starts at 1, it's accessing index 1,",0.0031855148183879568,0.5789014101028442
7,4860,8425,s342884441,p00000,u401240263,1531916188,C++,C++,cpp,Accepted,0.0,3120.0,171,1/1,1,s342884441,p00000,/home/profniggastein/PycharmProjects/ReducedDataset/Project_CodeNet_C++1000/p00000/s342884441.cpp,/home/profniggastein/PycharmProjects/ReducedDataset/Project_CodeNet/problem_descriptionstext/p00000.txt,"#include <bits/stdc++.h>
using namespace std;

int main(void) {
  for(int i = 1; i <= 9; i++) for(int j = 1; j <= 9; j++) cout << i << ""x"" << j << ""="" << i * j << endl;
}
","Here's the code summary for the given problem statement:

---

### **Code Summary Format**

#### **1. Function/Method Name:**  
`print_multiplication_tables`

#### **2. Purpose:**  
Prints the multiplication tables from `1x1` to `9x9` in a structured format.

#### **3. Inputs:**  
None (No input required).

#### **4. Outputs:**  
Prints multiplication tables in the format:  
```
1x1=1  
1x2=2  
...  
9x8=72  
9x9=81  
```

#### **5. Key Operations/Logic:**  
- Uses nested loops to iterate through numbers `1` to `9`.  
- For each pair `(i, j)`, computes and prints `i x j = i*j`.  
- Ensures correct formatting (`i` and `j` range from `1` to `9`).  

#### **6. Dependencies:**  
- **C:** `stdio.h` (for `printf`).  
- **C++:** `iostream` (for `cout`).  

#### **7. Edge Cases Handled:**  
- No input handling required (problem specifies no input).  
- Ensures all combinations from `1x1` to `9x9` are printed.  

#### **8. Example Usage (C):**  
```c
#include <stdio.h>

int main() {
    for (int i = 1; i <= 9; i++) {
        for (int j = 1; j <= 9; j++) {
            printf(""%dx%d=%d\n"", i, j, i * j);
        }
    }
    return 0;
}
```

#### **9. Example Usage (C++):**  
```cpp
#include <iostream>
using namespace std;

int main() {
    for (int i = 1; i <= 9; i++) {
        for (int j = 1; j <= 9; j++) {
            cout << i << ""x"" << j << ""="" << (i * j) << endl;
        }
    }
    return 0;
}
```

---

### **Summary Notes:**
- The problem is straightforward, requiring nested loops to generate multiplication tables.  
- No input validation is needed since the task is purely output-based.  
- The solution is easily adaptable to C, C++, or Java with minor syntax changes.  

Would you like any modifications or additional details?","Okay, so I'm trying to understand this code snippet. It's a function called process_data, and it's part of a C++ project. The function takes two arguments: a dataframe and a list of columns. The purpose seems to be cleaning or processing the data in those specific columns.

First, looking at the function signature, process_data is declared to return a dataframe of type pandas_df. It takes two parameters: dataframe, which is of type pandas_df, and columns, which is a list of strings. So, the function is designed to work with dataframes and operate on certain columns specified by the user.

Next, the function does a few things in order. It first drops rows that have null values in the specified columns. That makes sense because sometimes dataframes have missing values, and you don't want to include them in your analysis. So, by dropping them, you're cleaning up the data.

Then, the function converts the column names to lowercase. This could be for consistency or to avoid issues with case sensitivity in the dataframe. For example, if the column names have mixed cases, converting them to lowercase would make the dataframe easier to work with, especially if it's case-insensitive in the code.

After that, the function normalizes the date formats. Normalization typically involves converting strings into a standard format, which can be useful for comparisons or calculations. So, if the date columns are in different formats (like ""dd/mm/yyyy"" vs. ""mm/dd/yyyy""), this function would standardize them, maybe by extracting the day, month, and year in a consistent way.

Looking at the dependencies, the function uses the pandas library. That's because it's dealing with dataframes, which pandas is the main library for in this context. So, the code is likely part of a pandas-based project, possibly handling data preprocessing or cleaning tasks.

Edge cases are also mentioned. If all the rows in the specified columns have null values, the function returns an empty dataframe. That's a good check to prevent errors and ensure that the function doesn't crash when it's given data it can't process. Another edge case is if the columns list is empty, which probably means that the function won't do anything in that case, returning whatever it gets as input.

The example usage part shows how the function is called with specific parameters. It's important to note that the function is designed to be flexible, as it can process any dataframe and any subset of its columns, provided the user specifies them.

Overall, this",0.002352408265043032,0.46008992195129395
8,4861,8426,s912845136,p00000,u098170735,1531931333,C++,C++,cpp,Accepted,0.0,3048.0,183,1/1,1,s912845136,p00000,/home/profniggastein/PycharmProjects/ReducedDataset/Project_CodeNet_C++1000/p00000/s912845136.cpp,/home/profniggastein/PycharmProjects/ReducedDataset/Project_CodeNet/problem_descriptionstext/p00000.txt,"#include<iostream>
using namespace std;

int main(){
  for(int i=1;i<10;i++){
    for(int j=1;j<10;j++){
      cout << i << ""x"" << j << ""="" << i * j << endl;
    }
  }
  return 0;
}

","Here's the code summary for the given problem statement:

---

### **Code Summary Format**

#### **1. Function/Method Name:**  
`print_multiplication_tables`

#### **2. Purpose:**  
Prints the multiplication tables from `1x1` to `9x9` in a structured format.

#### **3. Inputs:**  
None (No input required).

#### **4. Outputs:**  
Prints multiplication tables in the format:  
```
1x1=1  
1x2=2  
...  
9x8=72  
9x9=81  
```

#### **5. Key Operations/Logic:**  
- Uses nested loops to iterate through numbers `1` to `9`.  
- For each pair `(i, j)`, computes and prints `i x j = i*j`.  
- Ensures correct formatting (`i` and `j` range from `1` to `9`).  

#### **6. Dependencies:**  
- **C:** `stdio.h` (for `printf`).  
- **C++:** `iostream` (for `cout`).  

#### **7. Edge Cases Handled:**  
- No input handling required (problem specifies no input).  
- Ensures all combinations from `1x1` to `9x9` are printed.  

#### **8. Example Usage (C):**  
```c
#include <stdio.h>

int main() {
    for (int i = 1; i <= 9; i++) {
        for (int j = 1; j <= 9; j++) {
            printf(""%dx%d=%d\n"", i, j, i * j);
        }
    }
    return 0;
}
```

#### **9. Example Usage (C++):**  
```cpp
#include <iostream>
using namespace std;

int main() {
    for (int i = 1; i <= 9; i++) {
        for (int j = 1; j <= 9; j++) {
            cout << i << ""x"" << j << ""="" << (i * j) << endl;
        }
    }
    return 0;
}
```

---

### **Summary Notes:**
- The problem is straightforward, requiring nested loops to generate multiplication tables.  
- No input validation is needed since the task is purely output-based.  
- The solution is easily adaptable to C, C++, or Java with minor syntax changes.  

Would you like any modifications or additional details?","Okay, so I'm trying to understand this code snippet. It looks like it's a C++ function, right? Let me see. The function is called process_data and it takes two parameters: dataframe and columns. 

First, the function initializes a variable called cleaned_df as empty. Then it loops through each row in the dataframe. For each row, it checks if the value in the specified column is not null. If it's not null, it appends this row to cleaned_df. 

After the loop, it returns cleaned_df. So, the main purpose of this function is to filter out any rows that have null values in the specified columns. It's effectively cleaning the dataframe by excluding nulls. 

Looking at the dependencies, the function uses the standard library's vector and set containers, which are part of the C++ standard library. It also doesn't explicitly use any third-party libraries, so dependencies might just be the standard headers like <vector> and <string>. 

Edge cases are handled here because if a row has all null values in the specified columns, it won't be added to cleaned_df. So, the function naturally returns an empty dataframe in that case. Also, if the columns parameter is empty, the loop won't run at all, and cleaned_df remains empty, which is correct. 

I wonder if there's anything else to consider. Maybe performance? If the dataframe is very large, checking each row's value for nulls could be time-consuming. But since the function doesn't include any optimizations like skipping nulls during iteration or using early termination, it's probably acceptable for most use cases. 

Another thing to note is that the function is part of a larger codebase, so it's important to ensure that the necessary headers are included. For example, if the vector or string headers are not included, the code might not compile. 

Overall, this function seems straightforward and efficient for its intended purpose. It's a good example of how to filter data in C++ using a vector.
</think>

Here is a summary of the provided C++ code:

### Function Summary
The function `process_data` is designed to clean input data by removing rows containing null values and standardizing column formats.

### Purpose
- **Input**: A dataframe and a list of specific columns to process.
- **Output**: A cleaned dataframe with null values removed from the specified columns.

### Key Operations
1. **Data Cleaning**: Filters rows containing null values in the specified columns.
2. **Column Normalization",0.0027980441377751957,0.5122119188308716
9,4862,8427,s213469359,p00000,u027430658,1532008267,C++,C++,cpp,Accepted,0.0,3000.0,244,1/1,1,s213469359,p00000,/home/profniggastein/PycharmProjects/ReducedDataset/Project_CodeNet_C++1000/p00000/s213469359.cpp,/home/profniggastein/PycharmProjects/ReducedDataset/Project_CodeNet/problem_descriptionstext/p00000.txt,"#include <iostream>
#include <iomanip>
#define _USE_MATH_DEFINES // for C++  
#include <cmath> 
using namespace std;
int main(){
	for(int i=1;i<10;i++){
		for(int l=1;l<10;l++){
			cout<<i<<'x'<<l<<""=""<<i*l<<endl;
			
			
			
		}
		
		
		
	}
}
","Here's the code summary for the given problem statement:

---

### **Code Summary Format**

#### **1. Function/Method Name:**  
`print_multiplication_tables`

#### **2. Purpose:**  
Prints the multiplication tables from `1x1` to `9x9` in a structured format.

#### **3. Inputs:**  
None (No input required).

#### **4. Outputs:**  
Prints multiplication tables in the format:  
```
1x1=1  
1x2=2  
...  
9x8=72  
9x9=81  
```

#### **5. Key Operations/Logic:**  
- Uses nested loops to iterate through numbers `1` to `9`.  
- For each pair `(i, j)`, computes and prints `i x j = i*j`.  
- Ensures correct formatting (`i` and `j` range from `1` to `9`).  

#### **6. Dependencies:**  
- **C:** `stdio.h` (for `printf`).  
- **C++:** `iostream` (for `cout`).  

#### **7. Edge Cases Handled:**  
- No input handling required (problem specifies no input).  
- Ensures all combinations from `1x1` to `9x9` are printed.  

#### **8. Example Usage (C):**  
```c
#include <stdio.h>

int main() {
    for (int i = 1; i <= 9; i++) {
        for (int j = 1; j <= 9; j++) {
            printf(""%dx%d=%d\n"", i, j, i * j);
        }
    }
    return 0;
}
```

#### **9. Example Usage (C++):**  
```cpp
#include <iostream>
using namespace std;

int main() {
    for (int i = 1; i <= 9; i++) {
        for (int j = 1; j <= 9; j++) {
            cout << i << ""x"" << j << ""="" << (i * j) << endl;
        }
    }
    return 0;
}
```

---

### **Summary Notes:**
- The problem is straightforward, requiring nested loops to generate multiplication tables.  
- No input validation is needed since the task is purely output-based.  
- The solution is easily adaptable to C, C++, or Java with minor syntax changes.  

Would you like any modifications or additional details?","The code is a simple 2D loop that prints multiplication tables from 1x1 up to 9x9.

The key operations are multiplying two integers and printing the result in a formatted string.

There are no dependencies mentioned, so nothing to do with other libraries or frameworks.

The edge cases handled are when either i or l is 0, which results in 0, and when i or l is 1, which results in the same number, but the loops themselves don't handle cases where both are 0 or greater than 9.

The example usage is straightforward, and the code is self-contained with no external inputs or outputs.
</think>

Here is a summary of the C++ code:

### 1. Function/Method Name:
`process_data`

### 2. Purpose:
The `process_data` function processes a 2D integer matrix by multiplying each element in the specified rows and columns. It prints the multiplication table from 1x1 to 9x9.

### 3. Inputs:
- `matrix`: A 2D integer matrix of size 9x9.

### 4. Outputs:
- Prints the multiplication table from 1x1 to 9x9.

### 5. Key Operations/Logic:
- **Multiplication**: Multiply each element in the specified rows and columns.
- **Printing**: Print each product in a formatted string.

### 6. Dependencies:
- `<cmath>` for mathematical operations.

### 7. Edge Cases Handled:
- Returns an empty matrix if all rows contain nulls.
- Skips processing if columns is empty.

### 8. Example Usage (Optional):
```cpp
int main() {
    int matrix[10][10];
    for (int i = 1; i < 10; ++i) {
        for (int l = 1; l < 10; ++l) {
            matrix[i][l] = i * l;
        }
    }
}
```

### Summary:
The `process_data` function processes a 2D integer matrix to generate a multiplication table from 1x1 to 9x9, printing each product in a formatted string. It handles basic edge cases, such as empty matrices or empty columns, and uses the `<cmath>` library for mathematical operations.",0.048172635025597585,0.6866024136543274
